{
  "loss": [
    4.83969,
    4.81278,
    4.76527,
    4.72986,
    4.69009,
    4.65519,
    4.62303,
    4.57184,
    4.53656,
    4.49809,
    4.4673,
    4.43767,
    4.40171,
    4.37957,
    4.33703,
    4.30502,
    4.27429,
    4.24969,
    4.2238,
    4.19196,
    4.17107,
    4.14394,
    4.11936,
    4.0914,
    4.07899,
    4.05075,
    4.03459,
    4.02014,
    3.98834,
    3.97253,
    3.95142,
    3.93907,
    3.91796,
    3.89484,
    3.88696,
    3.86332,
    3.85137,
    3.82964,
    3.82367,
    3.803,
    3.78437,
    3.78038,
    3.75464,
    3.74358,
    3.72662,
    3.7252,
    3.70275,
    3.68812,
    3.68477,
    3.65841,
    3.65008,
    3.63377,
    3.62807,
    3.61211,
    3.59822,
    3.59264,
    3.57295,
    3.56012,
    3.54671,
    3.54621,
    3.52704,
    3.51248,
    3.51197,
    3.49283,
    3.47862,
    3.4643,
    3.46696,
    3.4468,
    3.43135,
    3.43205,
    3.41242,
    3.39506,
    3.38759,
    3.38808,
    3.37083,
    3.35653,
    3.34991,
    3.33572,
    3.32338,
    3.31116,
    3.30729,
    3.29446,
    3.28113,
    3.27432,
    3.25992,
    3.24758,
    3.23895,
    3.23389,
    3.22418,
    3.21276,
    3.20901,
    3.19084,
    3.17623,
    3.16778,
    3.1689,
    3.15614,
    3.14218,
    3.13636,
    3.1252,
    3.11052,
    3.10209,
    3.09999,
    3.08553,
    3.07781,
    3.07112,
    3.06044,
    3.04648,
    3.04103,
    3.03964,
    3.0256,
    3.01767,
    3.00829
  ],
  "Top1": [
    0.11892,
    0.12125,
    0.12529,
    0.13021,
    0.13393,
    0.13821,
    0.14295,
    0.1477,
    0.15298,
    0.15731,
    0.16053,
    0.1647,
    0.16936,
    0.17158,
    0.17652,
    0.18003,
    0.18374,
    0.18735,
    0.19134,
    0.19607,
    0.19897,
    0.20243,
    0.20645,
    0.20863,
    0.21131,
    0.21661,
    0.21772,
    0.21955,
    0.22375,
    0.22694,
    0.23013,
    0.23139,
    0.23412,
    0.23787,
    0.23859,
    0.24238,
    0.2429,
    0.24581,
    0.24841,
    0.25147,
    0.25389,
    0.25592,
    0.25993,
    0.26223,
    0.26515,
    0.26668,
    0.27014,
    0.27183,
    0.2722,
    0.27715,
    0.27904,
    0.28307,
    0.28348,
    0.28485,
    0.28744,
    0.28928,
    0.29168,
    0.29344,
    0.29495,
    0.29708,
    0.29894,
    0.30055,
    0.30108,
    0.30298,
    0.30676,
    0.30889,
    0.30866,
    0.30992,
    0.31242,
    0.31253,
    0.31625,
    0.31916,
    0.32047,
    0.31949,
    0.32246,
    0.32585,
    0.32665,
    0.32861,
    0.33035,
    0.33245,
    0.33416,
    0.3358,
    0.33747,
    0.33985,
    0.34176,
    0.34519,
    0.34445,
    0.34697,
    0.34867,
    0.35231,
    0.35312,
    0.35545,
    0.35718,
    0.3589,
    0.3597,
    0.36115,
    0.36437,
    0.36604,
    0.36809,
    0.36934,
    0.37137,
    0.37227,
    0.37325,
    0.37673,
    0.3787,
    0.38044,
    0.38271,
    0.38446,
    0.38446,
    0.38625,
    0.38866,
    0.38983
  ],
  "Top5": [
    0.2765,
    0.28133,
    0.28869,
    0.29585,
    0.30273,
    0.31096,
    0.31653,
    0.32768,
    0.33413,
    0.34032,
    0.34642,
    0.35055,
    0.35814,
    0.36286,
    0.37065,
    0.3764,
    0.38139,
    0.38659,
    0.39082,
    0.39806,
    0.40271,
    0.40836,
    0.41306,
    0.41946,
    0.42227,
    0.4262,
    0.43063,
    0.43539,
    0.43991,
    0.44232,
    0.4459,
    0.44907,
    0.45182,
    0.45529,
    0.45899,
    0.46221,
    0.46382,
    0.46892,
    0.47097,
    0.47434,
    0.48017,
    0.48216,
    0.48578,
    0.48688,
    0.49203,
    0.49407,
    0.49728,
    0.50218,
    0.50346,
    0.50817,
    0.50987,
    0.51305,
    0.51487,
    0.51779,
    0.52085,
    0.52166,
    0.52599,
    0.52829,
    0.53018,
    0.53062,
    0.53318,
    0.53691,
    0.53758,
    0.53883,
    0.54268,
    0.54408,
    0.54423,
    0.55046,
    0.55228,
    0.55112,
    0.55458,
    0.55827,
    0.55921,
    0.55886,
    0.56352,
    0.56528,
    0.56664,
    0.56969,
    0.57129,
    0.57408,
    0.57447,
    0.57818,
    0.58036,
    0.58113,
    0.58455,
    0.58653,
    0.58857,
    0.59016,
    0.59221,
    0.59389,
    0.59616,
    0.5988,
    0.60087,
    0.60436,
    0.60413,
    0.60653,
    0.60855,
    0.60965,
    0.61249,
    0.61445,
    0.61715,
    0.61598,
    0.61955,
    0.62182,
    0.62298,
    0.62537,
    0.62762,
    0.62803,
    0.63017,
    0.63168,
    0.63305,
    0.63469
  ]
}