{
  "loss": [
    2.97217,
    2.97596,
    2.98551,
    2.98733,
    2.9707,
    2.97552,
    2.96361,
    2.93976,
    2.92283,
    2.92944,
    2.92606,
    2.91525,
    2.91396,
    2.90712,
    2.88689,
    2.87047,
    2.87546,
    2.86235,
    2.85598,
    2.85635,
    2.84456,
    2.82653,
    2.81427,
    2.81919,
    2.81031,
    2.80399,
    2.80211,
    2.79453,
    2.78031,
    2.7668,
    2.77149,
    2.76632,
    2.75212,
    2.75192,
    2.74286,
    2.7325,
    2.71457,
    2.72312,
    2.71676,
    2.70189,
    2.70271,
    2.69475,
    2.68594,
    2.67328,
    2.68048,
    2.67079,
    2.65696,
    2.66022,
    2.65309,
    2.64706,
    2.62939,
    2.63572,
    2.6279,
    2.61659,
    2.61855,
    2.60588,
    2.59937,
    2.58723,
    2.597,
    2.58676,
    2.57062,
    2.57502,
    2.57018,
    2.56282,
    2.54687,
    2.55287,
    2.54556,
    2.5304,
    2.53904,
    2.53116,
    2.52484,
    2.50939,
    2.51809,
    2.50276,
    2.49198,
    2.49961,
    2.48942,
    2.48376,
    2.47403,
    2.48179,
    2.47325,
    2.45796,
    2.46367,
    2.4518
  ],
  "Top1": [
    0.39674,
    0.39604,
    0.39257,
    0.3933,
    0.39623,
    0.39562,
    0.39669,
    0.40227,
    0.40434,
    0.40283,
    0.40506,
    0.40571,
    0.40727,
    0.40731,
    0.41185,
    0.41414,
    0.41274,
    0.4176,
    0.41818,
    0.4183,
    0.42078,
    0.42225,
    0.42474,
    0.42417,
    0.42531,
    0.42733,
    0.42744,
    0.42847,
    0.43095,
    0.43305,
    0.43282,
    0.43427,
    0.43595,
    0.43592,
    0.43659,
    0.43892,
    0.44208,
    0.44033,
    0.44282,
    0.44517,
    0.44489,
    0.44599,
    0.44862,
    0.44876,
    0.44871,
    0.4503,
    0.45321,
    0.45324,
    0.45406,
    0.45543,
    0.45785,
    0.45591,
    0.45865,
    0.45931,
    0.45979,
    0.462,
    0.46367,
    0.46382,
    0.46299,
    0.46528,
    0.46802,
    0.46774,
    0.4684,
    0.46873,
    0.47151,
    0.47203,
    0.47298,
    0.47495,
    0.47465,
    0.47392,
    0.4754,
    0.47764,
    0.47749,
    0.47941,
    0.48266,
    0.47997,
    0.48251,
    0.48325,
    0.48446,
    0.48359,
    0.48483,
    0.48865,
    0.48586,
    0.49017
  ],
  "Top5": [
    0.64283,
    0.64166,
    0.63968,
    0.64004,
    0.64361,
    0.64225,
    0.64496,
    0.64908,
    0.65104,
    0.65056,
    0.65065,
    0.65265,
    0.65252,
    0.65535,
    0.65905,
    0.66095,
    0.65968,
    0.66188,
    0.66386,
    0.66234,
    0.66524,
    0.66928,
    0.67124,
    0.66904,
    0.67059,
    0.67319,
    0.67261,
    0.67473,
    0.67739,
    0.67895,
    0.6773,
    0.67853,
    0.68083,
    0.68135,
    0.68346,
    0.68502,
    0.68765,
    0.68592,
    0.6873,
    0.69078,
    0.68928,
    0.69115,
    0.69382,
    0.69472,
    0.69324,
    0.6949,
    0.6975,
    0.69545,
    0.69836,
    0.70032,
    0.70146,
    0.70054,
    0.70234,
    0.70454,
    0.70309,
    0.70654,
    0.70617,
    0.7083,
    0.70664,
    0.70764,
    0.71147,
    0.71005,
    0.71099,
    0.71341,
    0.71586,
    0.71324,
    0.71543,
    0.71755,
    0.71599,
    0.71836,
    0.71915,
    0.72141,
    0.71884,
    0.7219,
    0.72415,
    0.72243,
    0.72481,
    0.72573,
    0.7276,
    0.72396,
    0.72646,
    0.72895,
    0.72791,
    0.73016
  ]
}