{
  "loss": [
    1.81375,
    1.83188,
    1.84602,
    1.84917,
    1.8619,
    1.86051,
    1.87596,
    1.82343,
    1.82066,
    1.83051,
    1.833,
    1.85072,
    1.842,
    1.85564,
    1.81782,
    1.81646,
    1.82237,
    1.82077,
    1.83162,
    1.82436,
    1.83887,
    1.80364,
    1.79586,
    1.80467,
    1.80691,
    1.8197,
    1.81186,
    1.82649,
    1.79062,
    1.78504,
    1.79486,
    1.7947,
    1.80756,
    1.79889,
    1.81103,
    1.78742,
    1.78348,
    1.78699,
    1.78122,
    1.79959,
    1.79027,
    1.79894,
    1.77559,
    1.77617,
    1.77519,
    1.77293,
    1.79213,
    1.78053,
    1.79136,
    1.76965,
    1.76118,
    1.76707,
    1.76528,
    1.77913,
    1.76956,
    1.78879,
    1.76209,
    1.75546,
    1.76141,
    1.75582,
    1.76782,
    1.76219,
    1.77333,
    1.74868,
    1.74149,
    1.74922,
    1.74916,
    1.76463,
    1.75074,
    1.76179,
    1.74213,
    1.7383,
    1.74412,
    1.73896,
    1.75745,
    1.74312,
    1.75947,
    1.73888,
    1.73276,
    1.73497,
    1.73209,
    1.74655,
    1.73801,
    1.75195,
    1.73226,
    1.72629,
    1.73216,
    1.7255,
    1.73941,
    1.73379,
    1.74739,
    1.72386,
    1.72038,
    1.72742,
    1.72826,
    1.73714,
    1.72931,
    1.74334,
    1.72553,
    1.72257,
    1.72922,
    1.72833,
    1.73543,
    1.72268,
    1.74023,
    1.72516,
    1.72066,
    1.72483,
    1.72673,
    1.73492,
    1.72778,
    1.73262,
    1.72207,
    1.71807,
    1.7239,
    1.72201,
    1.72955,
    1.72803,
    1.73946
  ],
  "Top1": [
    0.6206,
    0.6156,
    0.61255,
    0.61209,
    0.60961,
    0.61125,
    0.60796,
    0.619,
    0.61898,
    0.61704,
    0.61902,
    0.61482,
    0.61562,
    0.61444,
    0.62256,
    0.6217,
    0.621,
    0.62299,
    0.62103,
    0.62136,
    0.61946,
    0.62712,
    0.6283,
    0.62576,
    0.62821,
    0.62448,
    0.62602,
    0.62366,
    0.63073,
    0.63093,
    0.6293,
    0.63122,
    0.62851,
    0.63003,
    0.62788,
    0.6329,
    0.63295,
    0.63303,
    0.63469,
    0.63087,
    0.63286,
    0.63277,
    0.63677,
    0.63621,
    0.63599,
    0.63767,
    0.63379,
    0.63618,
    0.63441,
    0.63831,
    0.63942,
    0.63965,
    0.64125,
    0.63867,
    0.63935,
    0.63627,
    0.64116,
    0.64172,
    0.64098,
    0.64261,
    0.63964,
    0.64086,
    0.63974,
    0.64469,
    0.64522,
    0.64245,
    0.64414,
    0.64092,
    0.64366,
    0.64279,
    0.6448,
    0.64544,
    0.64485,
    0.64692,
    0.64329,
    0.64478,
    0.64226,
    0.64728,
    0.64724,
    0.64684,
    0.64879,
    0.64653,
    0.648,
    0.64529,
    0.65006,
    0.65046,
    0.64928,
    0.65161,
    0.64917,
    0.65027,
    0.64839,
    0.65443,
    0.65441,
    0.65343,
    0.65483,
    0.65187,
    0.65442,
    0.65161,
    0.65786,
    0.65723,
    0.65617,
    0.65836,
    0.65711,
    0.66127,
    0.65608,
    0.66096,
    0.66192,
    0.66051,
    0.66274,
    0.66076,
    0.66416,
    0.66358,
    0.66569,
    0.66643,
    0.66671,
    0.66829,
    0.66502,
    0.66983,
    0.66697
  ],
  "Top5": [
    0.83501,
    0.83207,
    0.83002,
    0.83032,
    0.8282,
    0.82838,
    0.82682,
    0.83472,
    0.83293,
    0.83419,
    0.83276,
    0.83215,
    0.83244,
    0.8299,
    0.8359,
    0.836,
    0.83603,
    0.83634,
    0.83484,
    0.83646,
    0.83432,
    0.83907,
    0.83955,
    0.83908,
    0.8387,
    0.83782,
    0.83919,
    0.83599,
    0.84263,
    0.84296,
    0.84091,
    0.84147,
    0.84067,
    0.84199,
    0.84023,
    0.84446,
    0.84328,
    0.84395,
    0.84541,
    0.84235,
    0.84379,
    0.84249,
    0.84671,
    0.84522,
    0.84619,
    0.84581,
    0.84447,
    0.84585,
    0.84426,
    0.8474,
    0.84746,
    0.84746,
    0.84805,
    0.84555,
    0.84803,
    0.84534,
    0.84867,
    0.84942,
    0.84861,
    0.84956,
    0.84799,
    0.84864,
    0.84715,
    0.85118,
    0.85101,
    0.85103,
    0.85114,
    0.84886,
    0.85084,
    0.84936,
    0.85199,
    0.85148,
    0.85181,
    0.8532,
    0.85085,
    0.85206,
    0.85059,
    0.85357,
    0.8523,
    0.85364,
    0.85346,
    0.85288,
    0.85459,
    0.85236,
    0.85461,
    0.85569,
    0.85534,
    0.85619,
    0.85424,
    0.85579,
    0.8532,
    0.85752,
    0.85783,
    0.85784,
    0.85746,
    0.85643,
    0.85735,
    0.85527,
    0.85882,
    0.85868,
    0.8584,
    0.85981,
    0.85895,
    0.86122,
    0.85876,
    0.86118,
    0.86059,
    0.86144,
    0.86157,
    0.86034,
    0.86232,
    0.86117,
    0.86473,
    0.86447,
    0.8654,
    0.86476,
    0.86448,
    0.86631,
    0.86465
  ]
}