{
  "loss": [
    6.88953,
    6.83209,
    6.77819,
    6.72345,
    6.62509,
    6.43801,
    6.25616,
    6.08,
    5.90996,
    5.77639,
    5.6583,
    5.54714,
    5.44806,
    5.36875,
    5.29733,
    5.21101,
    5.13916,
    5.07853,
    5.01725,
    4.95867,
    4.90679
  ],
  "Top1": [
    0.00188,
    0.00351,
    0.00514,
    0.0072,
    0.01009,
    0.01448,
    0.02038,
    0.02724,
    0.03567,
    0.04237,
    0.0505,
    0.05765,
    0.06466,
    0.07116,
    0.07556,
    0.08391,
    0.08963,
    0.09466,
    0.10163,
    0.10686,
    0.11207
  ],
  "Top5": [
    0.00952,
    0.01417,
    0.01997,
    0.02704,
    0.03649,
    0.05047,
    0.067,
    0.08599,
    0.10515,
    0.12461,
    0.14119,
    0.15829,
    0.17422,
    0.18591,
    0.19835,
    0.21079,
    0.22352,
    0.23372,
    0.24564,
    0.2563,
    0.26425
  ]
}