{
  "loss": [
    1.78749,
    1.81875,
    1.83337,
    1.84868,
    1.85097,
    1.87041,
    1.89259,
    1.83457,
    1.84604,
    1.85684,
    1.86949,
    1.87261,
    1.88313,
    1.89586,
    1.84953,
    1.87745,
    1.88389,
    1.90841,
    1.90266,
    1.90441,
    1.90464,
    1.8823,
    1.89722,
    1.9085,
    1.90118,
    1.91984,
    1.92503,
    1.9298,
    1.90037,
    1.9129,
    1.92488,
    1.93928,
    1.93652,
    1.93689,
    1.95009,
    1.91314,
    1.91345,
    1.92385,
    1.94025,
    1.93528,
    1.93402,
    1.95021,
    1.92225,
    1.93496,
    1.93338,
    1.9499,
    1.95453,
    1.95461,
    1.95483,
    1.92941,
    1.93624,
    1.94201,
    1.95247,
    1.95785,
    1.95609,
    1.95604,
    1.93304,
    1.93968,
    1.94844,
    1.95213,
    1.94948,
    1.95722,
    1.9642,
    1.94072,
    1.93808,
    1.95438,
    1.96785,
    1.96261,
    1.957,
    1.97016,
    1.94214,
    1.93713,
    1.9506,
    1.95286,
    1.95622,
    1.95179,
    1.95086,
    1.93605,
    1.93453,
    1.93453,
    1.94741,
    1.9472,
    1.94592,
    1.965,
    1.93528,
    1.93996,
    1.95294,
    1.95762,
    1.95506,
    1.95279,
    1.95189,
    1.92817,
    1.92999,
    1.95,
    1.94789,
    1.95134,
    1.94515,
    1.94925,
    1.93091,
    1.93547,
    1.94782,
    1.95193,
    1.94696,
    1.95618,
    1.94912,
    1.94174,
    1.94377,
    1.95173,
    1.9536,
    1.95675,
    1.95868,
    1.9616,
    1.92909,
    1.93534,
    1.96161,
    1.95814,
    1.9514,
    1.94276,
    1.95254,
    1.93336,
    1.93826,
    1.94522,
    1.95618,
    1.9469,
    1.94179,
    1.95238,
    1.94395,
    1.93416,
    1.95459,
    1.95664,
    1.95318,
    1.94971,
    1.96078,
    1.93771,
    1.93759,
    1.9488,
    1.95321,
    1.95345,
    1.95048,
    1.9624,
    1.93581,
    1.93501,
    1.95574,
    1.95489,
    1.96173,
    1.95296,
    1.97125,
    1.9439,
    1.95259,
    1.96758,
    1.96818,
    1.96125,
    1.96169,
    1.97373,
    1.93918,
    1.93895,
    1.95101,
    1.96281,
    1.95637,
    1.96161,
    1.97804,
    1.95805,
    1.94987,
    1.95664,
    1.95663,
    1.96773,
    1.96756,
    1.96851,
    1.95396,
    1.95167,
    1.96819,
    1.97393,
    1.97102,
    1.96991,
    1.9716,
    1.96032,
    1.95495,
    1.96477,
    1.97332,
    1.96282,
    1.9638,
    1.96506,
    1.9565,
    1.94839,
    1.97125,
    1.9674,
    1.96256,
    1.96516,
    1.98365
  ],
  "Top1": [
    0.72029,
    0.71651,
    0.7144,
    0.7164,
    0.7156,
    0.71556,
    0.71666,
    0.72721,
    0.72753,
    0.72385,
    0.72343,
    0.72515,
    0.72394,
    0.72394,
    0.73127,
    0.73258,
    0.73296,
    0.73613,
    0.73472,
    0.73329,
    0.73289,
    0.73948,
    0.74195,
    0.74176,
    0.73999,
    0.7414,
    0.74167,
    0.74034,
    0.74545,
    0.74716,
    0.74588,
    0.74551,
    0.74693,
    0.74713,
    0.74792,
    0.74997,
    0.74914,
    0.74884,
    0.74799,
    0.74862,
    0.74805,
    0.74671,
    0.75261,
    0.75335,
    0.75288,
    0.75213,
    0.75292,
    0.75405,
    0.75387,
    0.75632,
    0.75665,
    0.75485,
    0.75377,
    0.75484,
    0.75631,
    0.75571,
    0.75857,
    0.75777,
    0.75605,
    0.75693,
    0.75733,
    0.75619,
    0.75656,
    0.75956,
    0.7615,
    0.75896,
    0.75752,
    0.75843,
    0.75908,
    0.75757,
    0.76066,
    0.76103,
    0.75924,
    0.7586,
    0.75879,
    0.75947,
    0.75943,
    0.76119,
    0.76152,
    0.76114,
    0.76007,
    0.76047,
    0.7608,
    0.75988,
    0.76168,
    0.76214,
    0.76063,
    0.76164,
    0.76102,
    0.76121,
    0.76146,
    0.76393,
    0.76414,
    0.7618,
    0.76176,
    0.76172,
    0.76264,
    0.76195,
    0.76436,
    0.76394,
    0.76346,
    0.7621,
    0.76224,
    0.76179,
    0.76341,
    0.76407,
    0.76215,
    0.76236,
    0.76293,
    0.76221,
    0.76192,
    0.76232,
    0.76606,
    0.76418,
    0.76112,
    0.76203,
    0.76305,
    0.76354,
    0.76352,
    0.76498,
    0.76409,
    0.76317,
    0.76184,
    0.76328,
    0.76497,
    0.7626,
    0.76367,
    0.7643,
    0.76194,
    0.76157,
    0.76273,
    0.76281,
    0.76234,
    0.76495,
    0.76412,
    0.76381,
    0.76342,
    0.76367,
    0.76432,
    0.76351,
    0.76585,
    0.76547,
    0.76376,
    0.76353,
    0.76405,
    0.7649,
    0.76226,
    0.76611,
    0.76533,
    0.76453,
    0.76419,
    0.76508,
    0.76472,
    0.76485,
    0.76641,
    0.76735,
    0.76631,
    0.76578,
    0.76625,
    0.7662,
    0.76491,
    0.76599,
    0.76638,
    0.76616,
    0.76556,
    0.76465,
    0.76436,
    0.76466,
    0.76681,
    0.76702,
    0.76436,
    0.76488,
    0.76429,
    0.76583,
    0.7673,
    0.76719,
    0.76738,
    0.76598,
    0.76586,
    0.76627,
    0.76614,
    0.76683,
    0.76771,
    0.76788,
    0.76484,
    0.76645,
    0.76749,
    0.76699,
    0.76523
  ],
  "Top5": [
    0.89367,
    0.89153,
    0.89132,
    0.89098,
    0.89213,
    0.8903,
    0.89155,
    0.89698,
    0.89659,
    0.89554,
    0.89429,
    0.89498,
    0.89521,
    0.89363,
    0.8985,
    0.8989,
    0.89977,
    0.90133,
    0.90013,
    0.89982,
    0.89829,
    0.90299,
    0.90413,
    0.90409,
    0.90223,
    0.90272,
    0.9041,
    0.90221,
    0.90507,
    0.90644,
    0.9059,
    0.90461,
    0.90558,
    0.90619,
    0.90525,
    0.9076,
    0.90641,
    0.90678,
    0.90634,
    0.90635,
    0.90721,
    0.90577,
    0.90921,
    0.90898,
    0.90867,
    0.90823,
    0.90953,
    0.90933,
    0.9072,
    0.91064,
    0.90977,
    0.90952,
    0.90898,
    0.90978,
    0.90966,
    0.90929,
    0.91163,
    0.91108,
    0.90965,
    0.90995,
    0.91175,
    0.91008,
    0.90992,
    0.91236,
    0.91142,
    0.91148,
    0.91096,
    0.911,
    0.91072,
    0.90986,
    0.91268,
    0.9119,
    0.91122,
    0.91082,
    0.91148,
    0.91072,
    0.91191,
    0.91314,
    0.91266,
    0.91283,
    0.91185,
    0.91201,
    0.91252,
    0.91105,
    0.91298,
    0.91242,
    0.91259,
    0.91163,
    0.91188,
    0.91243,
    0.91178,
    0.9137,
    0.91371,
    0.91294,
    0.91326,
    0.91225,
    0.91233,
    0.9122,
    0.91402,
    0.91333,
    0.91361,
    0.91247,
    0.91294,
    0.91199,
    0.91261,
    0.91362,
    0.91244,
    0.91301,
    0.91292,
    0.91346,
    0.91267,
    0.91136,
    0.91432,
    0.91353,
    0.91287,
    0.91204,
    0.91285,
    0.91305,
    0.91302,
    0.91397,
    0.9134,
    0.91333,
    0.91197,
    0.91358,
    0.91301,
    0.91312,
    0.91344,
    0.91334,
    0.91322,
    0.91233,
    0.91233,
    0.91338,
    0.91304,
    0.91467,
    0.91367,
    0.91409,
    0.91228,
    0.91368,
    0.91343,
    0.91301,
    0.91476,
    0.91429,
    0.91285,
    0.91354,
    0.91431,
    0.9139,
    0.91297,
    0.91407,
    0.91385,
    0.91323,
    0.91284,
    0.91399,
    0.91363,
    0.91249,
    0.91497,
    0.91468,
    0.91493,
    0.91295,
    0.91464,
    0.91402,
    0.91259,
    0.91466,
    0.91413,
    0.91389,
    0.91395,
    0.91478,
    0.91426,
    0.9129,
    0.91497,
    0.91442,
    0.91417,
    0.91296,
    0.91447,
    0.9142,
    0.91476,
    0.9153,
    0.91415,
    0.91421,
    0.91415,
    0.91499,
    0.91418,
    0.91471,
    0.91479,
    0.91511,
    0.91434,
    0.91483,
    0.9153,
    0.91367,
    0.91396
  ]
}